{"stat.useItem.383":124,"stat.useItem.54":1,"stat.flyOneCm":70908,"stat.useItem.276":14,"stat.deaths":2,"stat.walkOneCm":72425,"stat.drop":4,"stat.jump":63,"stat.killEntity.EntityHorse":72,"stat.playOneMinute":12625,"achievement.openInventory":7,"stat.killEntity.Chicken":6,"stat.killEntity.Slime":49,"stat.damageTaken":-2,"stat.damageDealt":1270,"stat.killEntity.Cow":3,"stat.useItem.17":136,"stat.mobKills":227,"achievement.exploreAllBiomes":{"value":0,"progress":["Plains"]},"stat.killEntity.Creeper":97}