{
  "mappings": {
    "com/min01/superduper/mixin/MixinEntity": {
      "isAlliedTo": "Lnet/minecraft/world/entity/Entity;m_7307_(Lnet/minecraft/world/entity/Entity;)Z",
      "getPassengersRidingOffset": "Lnet/minecraft/world/entity/Entity;m_6048_()D"
    },
    "com/min01/superduper/mixin/MixinProjectile": {
      "onHit": "Lnet/minecraft/world/entity/projectile/Projectile;m_6532_(Lnet/minecraft/world/phys/HitResult;)V"
    },
    "com/min01/superduper/mixin/MixinLivingEntity": {
      "addAdditionalSaveData": "Lnet/minecraft/world/entity/LivingEntity;m_7380_(Lnet/minecraft/nbt/CompoundTag;)V",
      "travel": "Lnet/minecraft/world/entity/LivingEntity;m_7023_(Lnet/minecraft/world/phys/Vec3;)V",
      "readAdditionalSaveData": "Lnet/minecraft/world/entity/LivingEntity;m_7378_(Lnet/minecraft/nbt/CompoundTag;)V"
    }
  },
  "data": {
    "searge": {
      "com/min01/superduper/mixin/MixinEntity": {
        "isAlliedTo": "Lnet/minecraft/world/entity/Entity;m_7307_(Lnet/minecraft/world/entity/Entity;)Z",
        "getPassengersRidingOffset": "Lnet/minecraft/world/entity/Entity;m_6048_()D"
      },
      "com/min01/superduper/mixin/MixinProjectile": {
        "onHit": "Lnet/minecraft/world/entity/projectile/Projectile;m_6532_(Lnet/minecraft/world/phys/HitResult;)V"
      },
      "com/min01/superduper/mixin/MixinLivingEntity": {
        "addAdditionalSaveData": "Lnet/minecraft/world/entity/LivingEntity;m_7380_(Lnet/minecraft/nbt/CompoundTag;)V",
        "travel": "Lnet/minecraft/world/entity/LivingEntity;m_7023_(Lnet/minecraft/world/phys/Vec3;)V",
        "readAdditionalSaveData": "Lnet/minecraft/world/entity/LivingEntity;m_7378_(Lnet/minecraft/nbt/CompoundTag;)V"
      }
    }
  }
}